{"overall": {"accuracy": 0.8851883596587894, "macro_f1": 0.6770862634084881, "weighted_f1": 0.8785865666558264, "cohen_kappa": 0.7807745312188679, "macro_auc": 0.9592747125594687, "weighted_auc": 0.9812151210691926, "log_loss": 0.38110847066784304}, "per_class": {"0": {"precision": 0.9707167832167832, "recall": 0.9634977689638077, "f1-score": 0.9670938044289624, "support": 16136.0}, "1": {"precision": 0.32209737827715357, "recall": 0.09976798143851508, "f1-score": 0.15234720992028344, "support": 862.0}, "2": {"precision": 0.7749040210143463, "recall": 0.8623791319991005, "f1-score": 0.8163048105576841, "support": 4447.0}, "3": {"precision": 0.8469301934398654, "recall": 0.8043130990415336, "f1-score": 0.8250716919295371, "support": 1252.0}, "4": {"precision": 0.583173076923077, "recall": 0.6723946784922394, "f1-score": 0.6246138002059732, "support": 1804.0}, "accuracy": 0.8851883596587894, "macro avg": {"precision": 0.6995642905742452, "recall": 0.6804705319870392, "f1-score": 0.6770862634084881, "support": 24501.0}, "weighted avg": {"precision": 0.8774961417275892, "recall": 0.8851883596587894, "f1-score": 0.8785865666558264, "support": 24501.0}}, "per_class_auc": {"W": 0.9904621461747295, "N1": 0.8778406667812414, "N2": 0.9711344189666987, "N3": 0.990927656100362, "REM": 0.9660086747743115}, "feature_importance": [["relative_beta_pz", 0.10758321434359938], ["mobility_pz", 0.08174131699618077], ["zero_crossing_rate_pz", 0.08083733046612898], ["relative_beta_fpz", 0.07698002654444806], ["std_fpz", 0.053101999147718765], ["relative_sigma_fpz", 0.050941770678434764], ["relative_sigma_pz", 0.047502542290673126], ["relative_alpha_pz", 0.045322732527581976], ["relative_delta_pz", 0.03892259512565959], ["relative_theta_fpz", 0.038525421741953475], ["relative_alpha_fpz", 0.03620167142826376], ["complexity_pz", 0.03564161627946878], ["relative_delta_fpz", 0.03439430340043095], ["mobility_fpz", 0.033379201177273644], ["zero_crossing_rate_fpz", 0.0319406734936465], ["spectral_entropy_pz", 0.028200426258486455], ["relative_theta_pz", 0.027595027650347926], ["complexity_fpz", 0.0262547264438588], ["spectral_entropy_fpz", 0.025620675803472326], ["kurtosis_fpz", 0.024339072420638732], ["std_pz", 0.02158310872084328], ["kurtosis_pz", 0.020729445919027686], ["skewness_fpz", 0.014669153519724335], ["skewness_pz", 0.014036207184804065], ["mean_fpz", 0.002472541167888026], ["mean_pz", 0.0014831992694458829], ["absolute_delta_fpz", 0.0], ["absolute_theta_fpz", 0.0], ["absolute_alpha_fpz", 0.0], ["absolute_sigma_fpz", 0.0], ["absolute_beta_fpz", 0.0], ["absolute_delta_pz", 0.0], ["absolute_theta_pz", 0.0], ["absolute_alpha_pz", 0.0], ["absolute_sigma_pz", 0.0], ["absolute_beta_pz", 0.0]]}